order_id,customer_id,product_id,quantity,order_ts,status
1,14,9,4,2026-09-01 09:59:00,returned
2,9,7,4,2026-09-01 16:57:00,placed
3,8,3,1,2026-09-01 17:49:00,placed
4,16,3,4,2026-09-02 15:19:00,shipped
5,15,8,3,2026-09-02 10:04:00,returned
6,18,9,4,2026-09-02 13:15:00,returned
7,7,5,3,2026-09-03 15:23:00,placed
8,5,10,4,2026-09-03 08:33:00,returned
9,7,5,4,2026-09-03 14:08:00,returned
10,16,7,1,2026-09-04 16:43:00,shipped
11,15,2,4,2026-09-04 13:24:00,shipped
12,6,7,4,2026-09-04 15:43:00,placed
13,16,6,1,2026-09-05 12:32:00,shipped
14,5,8,1,2026-09-05 15:01:00,placed
15,15,10,1,2026-09-05 08:00:00,shipped
16,4,10,1,2026-09-06 12:13:00,shipped
17,5,1,3,2026-09-06 14:05:00,returned
18,18,4,4,2026-09-06 10:18:00,shipped
19,10,2,4,2026-09-07 16:36:00,shipped
20,19,5,4,2026-09-07 10:18:00,returned
21,17,4,4,2026-09-07 10:32:00,placed
22,13,2,1,2026-09-08 09:48:00,shipped
23,1,1,4,2026-09-08 14:01:00,shipped
24,15,6,1,2026-09-08 13:10:00,returned
25,19,10,2,2026-09-09 15:57:00,shipped
26,7,7,3,2026-09-09 16:52:00,returned
27,3,9,4,2026-09-09 11:58:00,placed
28,6,1,1,2026-09-10 11:20:00,returned
29,16,1,2,2026-09-10 11:13:00,shipped
30,5,3,2,2026-09-10 16:49:00,returned
31,14,9,4,2026-09-11 12:39:00,placed
32,10,3,3,2026-09-11 14:32:00,shipped
33,15,8,4,2026-09-11 12:29:00,shipped
34,6,6,4,2026-09-12 15:58:00,returned
35,17,9,3,2026-09-12 10:02:00,placed
36,8,1,1,2026-09-12 11:39:00,returned
37,14,9,2,2026-09-13 13:38:00,placed
38,6,6,2,2026-09-13 14:00:00,placed
39,18,10,2,2026-09-13 12:47:00,shipped
40,9,9,2,2026-09-14 17:36:00,placed
41,4,7,2,2026-09-14 12:30:00,placed
42,12,3,1,2026-09-14 09:01:00,shipped
43,19,2,3,2026-09-15 12:43:00,shipped
44,9,5,1,2026-09-15 10:45:00,placed
45,9,7,1,2026-09-15 15:01:00,placed
46,8,1,3,2026-09-16 09:38:00,placed
47,18,10,3,2026-09-16 09:36:00,shipped
48,20,10,1,2026-09-16 15:46:00,returned
49,20,4,4,2026-09-17 13:23:00,returned
50,12,9,3,2026-09-17 10:02:00,returned
51,12,1,4,2026-09-17 12:58:00,placed
52,11,5,1,2026-09-18 12:48:00,shipped
53,11,10,1,2026-09-18 15:06:00,shipped
54,18,1,1,2026-09-18 11:22:00,shipped
55,4,1,2,2026-09-19 10:05:00,shipped
56,1,7,2,2026-09-19 13:09:00,shipped
57,13,7,2,2026-09-19 15:05:00,returned
58,5,3,1,2026-09-20 11:44:00,returned
59,5,4,1,2026-09-20 12:21:00,placed
60,18,8,4,2026-09-20 12:43:00,shipped
